species_id,count,percent
AG_SAL,186,29.759999999999998
PR_LAE,81,12.959999999999999
OP_ROB,69,11.04
OP_STR,61,9.76
OP_CAN,47,7.5200000000000005
AG_LEC,40,6.4
AG_SCB,40,6.4
AG_STR,40,6.4
OP_ENG,36,5.76
YU_FIL,25,4.0
