ga_cost_nn,ga_cost_ne,ga_cost_total,ga_best_cost,diff_eval_minus_total
543.2161290322581,139.6032258064516,682.8193548387097,682.8193548387097,0.0
