species_id,count,percent
AG_SAL,195,31.2
PR_LAE,93,14.879999999999999
OP_ROB,63,10.08
OP_STR,52,8.32
OP_CAN,49,7.84
AG_SCB,46,7.359999999999999
AG_LEC,34,5.4399999999999995
AG_STR,34,5.4399999999999995
OP_ENG,30,4.8
YU_FIL,29,4.64
