ga_cost_nn,ga_cost_ne,ga_cost_total,ga_best_cost,diff_eval_minus_total
93.01505376344085,26.483870967741932,119.49892473118278,119.49892473118278,0.0
